{
  "ate_mean_m": 28.026976400585255,
  "ate_rmse_m": 37.14483193903032,
  "ate_std_m": 24.376774471201966,
  "completeness_pct": 95.08951406649616,
  "delta_m": 10.0,
  "gt_poses": 1955,
  "matched_poses": 1859,
  "rpe_rot_drift_deg_per_100m": 171.55716175727082,
  "rpe_rot_mean_deg": 17.155716175727083,
  "rpe_rot_rmse_deg": 34.85774073173568,
  "rpe_trans_drift_m_per_m": 2.0612902059163325,
  "rpe_trans_mean_m": 20.612902059163325,
  "rpe_trans_rmse_m": 21.78217030740826,
  "t_max_diff_s": 0.1
}